{"cameraMode":{"drawMode":0,"name":"Shaded","section":"Shading Mode"},"sceneLighting":true,"audioPlay":false,"sceneViewState":{"m_AlwaysRefresh":false,"showFog":true,"showSkybox":true,"showFlares":true,"showImageEffects":true,"showParticleSystems":true,"showVisualEffectGraphs":true,"m_FxEnabled":true},"in2DMode":false,"pivot":{"x":411.0052490234375,"y":61.893157958984378,"z":248.87826538085938},"rotation":{"x":-0.14303916692733766,"y":0.8520964980125427,"z":-0.4223077893257141,"w":-0.27505049109458926},"size":0.8660253882408142,"orthographic":false}